--
-- PostgreSQL database dump
--

-- Dumped from database version 17.2 (Debian 17.2-1.pgdg120+1)
-- Dumped by pg_dump version 17.2 (Debian 17.2-1.pgdg120+1)

SET statement_timeout = 0;
SET lock_timeout = 0;
SET idle_in_transaction_session_timeout = 0;
SET transaction_timeout = 0;
SET client_encoding = 'UTF8';
SET standard_conforming_strings = on;
SELECT pg_catalog.set_config('search_path', '', false);
SET check_function_bodies = false;
SET xmloption = content;
SET client_min_messages = warning;
SET row_security = off;

SET default_tablespace = '';

SET default_table_access_method = heap;

--
-- Name: api_aqiref; Type: TABLE; Schema: public; Owner: postgres
--

CREATE TABLE public.api_aqiref (
    id bigint NOT NULL,
    aqi integer,
    pm25 integer,
    pm10 integer,
    o3 integer,
    no2 integer,
    so2 integer,
    co integer,
    t integer,
    p integer,
    h integer,
    w integer,
    "time" bigint,
    dew integer,
    wg integer
);


ALTER TABLE public.api_aqiref OWNER TO postgres;

--
-- Name: api_aqiref_id_seq; Type: SEQUENCE; Schema: public; Owner: postgres
--

ALTER TABLE public.api_aqiref ALTER COLUMN id ADD GENERATED BY DEFAULT AS IDENTITY (
    SEQUENCE NAME public.api_aqiref_id_seq
    START WITH 1
    INCREMENT BY 1
    NO MINVALUE
    NO MAXVALUE
    CACHE 1
);


--
-- Name: api_controlsetpoint; Type: TABLE; Schema: public; Owner: postgres
--

CREATE TABLE public.api_controlsetpoint (
    id bigint NOT NULL,
    node_id integer NOT NULL,
    function text,
    powsetpointer integer,
    mode text,
    temp integer,
    " start_time" bigint,
    end_time bigint,
    status integer NOT NULL,
    "time" bigint NOT NULL,
    room_id integer NOT NULL
);


ALTER TABLE public.api_controlsetpoint OWNER TO postgres;

--
-- Name: api_controlsetpoint_id_seq; Type: SEQUENCE; Schema: public; Owner: postgres
--

ALTER TABLE public.api_controlsetpoint ALTER COLUMN id ADD GENERATED BY DEFAULT AS IDENTITY (
    SEQUENCE NAME public.api_controlsetpoint_id_seq
    START WITH 1
    INCREMENT BY 1
    NO MINVALUE
    NO MAXVALUE
    CACHE 1
);


--
-- Name: api_employeepermission; Type: TABLE; Schema: public; Owner: postgres
--

CREATE TABLE public.api_employeepermission (
    id bigint NOT NULL,
    user_id integer NOT NULL,
    node_id integer NOT NULL
);


ALTER TABLE public.api_employeepermission OWNER TO postgres;

--
-- Name: api_employeepermission_id_seq; Type: SEQUENCE; Schema: public; Owner: postgres
--

ALTER TABLE public.api_employeepermission ALTER COLUMN id ADD GENERATED BY DEFAULT AS IDENTITY (
    SEQUENCE NAME public.api_employeepermission_id_seq
    START WITH 1
    INCREMENT BY 1
    NO MINVALUE
    NO MAXVALUE
    CACHE 1
);


--
-- Name: api_energydata; Type: TABLE; Schema: public; Owner: postgres
--

CREATE TABLE public.api_energydata (
    id integer NOT NULL,
    node_id integer NOT NULL,
    voltage double precision NOT NULL,
    current double precision NOT NULL,
    active_power double precision NOT NULL,
    power_factor double precision NOT NULL,
    frequency double precision NOT NULL,
    active_energy double precision NOT NULL,
    "time" bigint NOT NULL,
    room_id integer NOT NULL
);


ALTER TABLE public.api_energydata OWNER TO postgres;

--
-- Name: api_energydata_id_seq; Type: SEQUENCE; Schema: public; Owner: postgres
--

ALTER TABLE public.api_energydata ALTER COLUMN id ADD GENERATED BY DEFAULT AS IDENTITY (
    SEQUENCE NAME public.api_energydata_id_seq
    START WITH 1
    INCREMENT BY 1
    NO MINVALUE
    NO MAXVALUE
    CACHE 1
);


--
-- Name: api_nodeconfigurationbuffer; Type: TABLE; Schema: public; Owner: postgres
--

CREATE TABLE public.api_nodeconfigurationbuffer (
    id bigint NOT NULL,
    action integer NOT NULL,
    mac text NOT NULL,
    room_id integer NOT NULL,
    "time" bigint NOT NULL
);


ALTER TABLE public.api_nodeconfigurationbuffer OWNER TO postgres;

--
-- Name: api_nodeconfigurationbuffer_id_seq; Type: SEQUENCE; Schema: public; Owner: postgres
--

ALTER TABLE public.api_nodeconfigurationbuffer ALTER COLUMN id ADD GENERATED BY DEFAULT AS IDENTITY (
    SEQUENCE NAME public.api_nodeconfigurationbuffer_id_seq
    START WITH 1
    INCREMENT BY 1
    NO MINVALUE
    NO MAXVALUE
    CACHE 1
);


--
-- Name: api_rawactuatormonitor; Type: TABLE; Schema: public; Owner: postgres
--

CREATE TABLE public.api_rawactuatormonitor (
    id bigint NOT NULL,
    node_id integer NOT NULL,
    function text NOT NULL,
    current_value text NOT NULL,
    state integer NOT NULL,
    mode text NOT NULL,
    "time" bigint NOT NULL,
    room_id integer NOT NULL
);


ALTER TABLE public.api_rawactuatormonitor OWNER TO postgres;

--
-- Name: api_rawactuatormonitor_id_seq; Type: SEQUENCE; Schema: public; Owner: postgres
--

ALTER TABLE public.api_rawactuatormonitor ALTER COLUMN id ADD GENERATED BY DEFAULT AS IDENTITY (
    SEQUENCE NAME public.api_rawactuatormonitor_id_seq
    START WITH 1
    INCREMENT BY 1
    NO MINVALUE
    NO MAXVALUE
    CACHE 1
);


--
-- Name: api_rawsensormonitor; Type: TABLE; Schema: public; Owner: postgres
--

CREATE TABLE public.api_rawsensormonitor (
    id bigint NOT NULL,
    node_id integer NOT NULL,
    co2 smallint,
    temp double precision,
    hum double precision,
    light double precision,
    dust double precision,
    sound double precision,
    red smallint,
    green smallint,
    blue smallint,
    tvoc smallint,
    motion smallint,
    "time" bigint NOT NULL,
    room_id integer NOT NULL
);


ALTER TABLE public.api_rawsensormonitor OWNER TO postgres;

--
-- Name: api_rawsensormonitor_id_seq; Type: SEQUENCE; Schema: public; Owner: postgres
--

ALTER TABLE public.api_rawsensormonitor ALTER COLUMN id ADD GENERATED BY DEFAULT AS IDENTITY (
    SEQUENCE NAME public.api_rawsensormonitor_id_seq
    START WITH 1
    INCREMENT BY 1
    NO MINVALUE
    NO MAXVALUE
    CACHE 1
);


--
-- Name: api_registrationnode; Type: TABLE; Schema: public; Owner: postgres
--

CREATE TABLE public.api_registrationnode (
    id bigint NOT NULL,
    node_id bigint,
    x_axis integer NOT NULL,
    y_axis integer NOT NULL,
    z_axis integer NOT NULL,
    function text NOT NULL,
    mac text,
    uuid text,
    status text,
    "time" bigint,
    room_id integer NOT NULL
);


ALTER TABLE public.api_registrationnode OWNER TO postgres;

--
-- Name: api_registrationnode_id_seq; Type: SEQUENCE; Schema: public; Owner: postgres
--

ALTER TABLE public.api_registrationnode ALTER COLUMN id ADD GENERATED BY DEFAULT AS IDENTITY (
    SEQUENCE NAME public.api_registrationnode_id_seq
    START WITH 1
    INCREMENT BY 1
    NO MINVALUE
    NO MAXVALUE
    CACHE 1
);


--
-- Name: api_room; Type: TABLE; Schema: public; Owner: postgres
--

CREATE TABLE public.api_room (
    id bigint NOT NULL,
    room_id integer NOT NULL,
    construction_name text NOT NULL,
    x_length integer,
    y_length integer,
    information text
);


ALTER TABLE public.api_room OWNER TO postgres;

--
-- Name: api_room_id_seq; Type: SEQUENCE; Schema: public; Owner: postgres
--

ALTER TABLE public.api_room ALTER COLUMN id ADD GENERATED BY DEFAULT AS IDENTITY (
    SEQUENCE NAME public.api_room_id_seq
    START WITH 1
    INCREMENT BY 1
    NO MINVALUE
    NO MAXVALUE
    CACHE 1
);


--
-- Name: api_user; Type: TABLE; Schema: public; Owner: postgres
--

CREATE TABLE public.api_user (
    id bigint NOT NULL,
    password character varying(128) NOT NULL,
    last_login timestamp with time zone,
    is_superuser boolean NOT NULL,
    username character varying(150) NOT NULL,
    first_name character varying(150) NOT NULL,
    last_name character varying(150) NOT NULL,
    email character varying(254) NOT NULL,
    is_staff boolean NOT NULL,
    is_active boolean NOT NULL,
    date_joined timestamp with time zone NOT NULL,
    role integer NOT NULL
);


ALTER TABLE public.api_user OWNER TO postgres;

--
-- Name: api_user_groups; Type: TABLE; Schema: public; Owner: postgres
--

CREATE TABLE public.api_user_groups (
    id bigint NOT NULL,
    user_id bigint NOT NULL,
    group_id integer NOT NULL
);


ALTER TABLE public.api_user_groups OWNER TO postgres;

--
-- Name: api_user_groups_id_seq; Type: SEQUENCE; Schema: public; Owner: postgres
--

ALTER TABLE public.api_user_groups ALTER COLUMN id ADD GENERATED BY DEFAULT AS IDENTITY (
    SEQUENCE NAME public.api_user_groups_id_seq
    START WITH 1
    INCREMENT BY 1
    NO MINVALUE
    NO MAXVALUE
    CACHE 1
);


--
-- Name: api_user_id_seq; Type: SEQUENCE; Schema: public; Owner: postgres
--

ALTER TABLE public.api_user ALTER COLUMN id ADD GENERATED BY DEFAULT AS IDENTITY (
    SEQUENCE NAME public.api_user_id_seq
    START WITH 1
    INCREMENT BY 1
    NO MINVALUE
    NO MAXVALUE
    CACHE 1
);


--
-- Name: api_user_user_permissions; Type: TABLE; Schema: public; Owner: postgres
--

CREATE TABLE public.api_user_user_permissions (
    id bigint NOT NULL,
    user_id bigint NOT NULL,
    permission_id integer NOT NULL
);


ALTER TABLE public.api_user_user_permissions OWNER TO postgres;

--
-- Name: api_user_user_permissions_id_seq; Type: SEQUENCE; Schema: public; Owner: postgres
--

ALTER TABLE public.api_user_user_permissions ALTER COLUMN id ADD GENERATED BY DEFAULT AS IDENTITY (
    SEQUENCE NAME public.api_user_user_permissions_id_seq
    START WITH 1
    INCREMENT BY 1
    NO MINVALUE
    NO MAXVALUE
    CACHE 1
);


--
-- Name: auth_group; Type: TABLE; Schema: public; Owner: postgres
--

CREATE TABLE public.auth_group (
    id integer NOT NULL,
    name character varying(150) NOT NULL
);


ALTER TABLE public.auth_group OWNER TO postgres;

--
-- Name: auth_group_id_seq; Type: SEQUENCE; Schema: public; Owner: postgres
--

ALTER TABLE public.auth_group ALTER COLUMN id ADD GENERATED BY DEFAULT AS IDENTITY (
    SEQUENCE NAME public.auth_group_id_seq
    START WITH 1
    INCREMENT BY 1
    NO MINVALUE
    NO MAXVALUE
    CACHE 1
);


--
-- Name: auth_group_permissions; Type: TABLE; Schema: public; Owner: postgres
--

CREATE TABLE public.auth_group_permissions (
    id bigint NOT NULL,
    group_id integer NOT NULL,
    permission_id integer NOT NULL
);


ALTER TABLE public.auth_group_permissions OWNER TO postgres;

--
-- Name: auth_group_permissions_id_seq; Type: SEQUENCE; Schema: public; Owner: postgres
--

ALTER TABLE public.auth_group_permissions ALTER COLUMN id ADD GENERATED BY DEFAULT AS IDENTITY (
    SEQUENCE NAME public.auth_group_permissions_id_seq
    START WITH 1
    INCREMENT BY 1
    NO MINVALUE
    NO MAXVALUE
    CACHE 1
);


--
-- Name: auth_permission; Type: TABLE; Schema: public; Owner: postgres
--

CREATE TABLE public.auth_permission (
    id integer NOT NULL,
    name character varying(255) NOT NULL,
    content_type_id integer NOT NULL,
    codename character varying(100) NOT NULL
);


ALTER TABLE public.auth_permission OWNER TO postgres;

--
-- Name: auth_permission_id_seq; Type: SEQUENCE; Schema: public; Owner: postgres
--

ALTER TABLE public.auth_permission ALTER COLUMN id ADD GENERATED BY DEFAULT AS IDENTITY (
    SEQUENCE NAME public.auth_permission_id_seq
    START WITH 1
    INCREMENT BY 1
    NO MINVALUE
    NO MAXVALUE
    CACHE 1
);


--
-- Name: authtoken_token; Type: TABLE; Schema: public; Owner: postgres
--

CREATE TABLE public.authtoken_token (
    key character varying(40) NOT NULL,
    created timestamp with time zone NOT NULL,
    user_id bigint NOT NULL
);


ALTER TABLE public.authtoken_token OWNER TO postgres;

--
-- Name: django_admin_log; Type: TABLE; Schema: public; Owner: postgres
--

CREATE TABLE public.django_admin_log (
    id integer NOT NULL,
    action_time timestamp with time zone NOT NULL,
    object_id text,
    object_repr character varying(200) NOT NULL,
    action_flag smallint NOT NULL,
    change_message text NOT NULL,
    content_type_id integer,
    user_id bigint NOT NULL,
    CONSTRAINT django_admin_log_action_flag_check CHECK ((action_flag >= 0))
);


ALTER TABLE public.django_admin_log OWNER TO postgres;

--
-- Name: django_admin_log_id_seq; Type: SEQUENCE; Schema: public; Owner: postgres
--

ALTER TABLE public.django_admin_log ALTER COLUMN id ADD GENERATED BY DEFAULT AS IDENTITY (
    SEQUENCE NAME public.django_admin_log_id_seq
    START WITH 1
    INCREMENT BY 1
    NO MINVALUE
    NO MAXVALUE
    CACHE 1
);


--
-- Name: django_content_type; Type: TABLE; Schema: public; Owner: postgres
--

CREATE TABLE public.django_content_type (
    id integer NOT NULL,
    app_label character varying(100) NOT NULL,
    model character varying(100) NOT NULL
);


ALTER TABLE public.django_content_type OWNER TO postgres;

--
-- Name: django_content_type_id_seq; Type: SEQUENCE; Schema: public; Owner: postgres
--

ALTER TABLE public.django_content_type ALTER COLUMN id ADD GENERATED BY DEFAULT AS IDENTITY (
    SEQUENCE NAME public.django_content_type_id_seq
    START WITH 1
    INCREMENT BY 1
    NO MINVALUE
    NO MAXVALUE
    CACHE 1
);


--
-- Name: django_migrations; Type: TABLE; Schema: public; Owner: postgres
--

CREATE TABLE public.django_migrations (
    id bigint NOT NULL,
    app character varying(255) NOT NULL,
    name character varying(255) NOT NULL,
    applied timestamp with time zone NOT NULL
);


ALTER TABLE public.django_migrations OWNER TO postgres;

--
-- Name: django_migrations_id_seq; Type: SEQUENCE; Schema: public; Owner: postgres
--

ALTER TABLE public.django_migrations ALTER COLUMN id ADD GENERATED BY DEFAULT AS IDENTITY (
    SEQUENCE NAME public.django_migrations_id_seq
    START WITH 1
    INCREMENT BY 1
    NO MINVALUE
    NO MAXVALUE
    CACHE 1
);


--
-- Name: django_session; Type: TABLE; Schema: public; Owner: postgres
--

CREATE TABLE public.django_session (
    session_key character varying(40) NOT NULL,
    session_data text NOT NULL,
    expire_date timestamp with time zone NOT NULL
);


ALTER TABLE public.django_session OWNER TO postgres;

--
-- Name: token_blacklist_blacklistedtoken; Type: TABLE; Schema: public; Owner: postgres
--

CREATE TABLE public.token_blacklist_blacklistedtoken (
    id bigint NOT NULL,
    blacklisted_at timestamp with time zone NOT NULL,
    token_id bigint NOT NULL
);


ALTER TABLE public.token_blacklist_blacklistedtoken OWNER TO postgres;

--
-- Name: token_blacklist_blacklistedtoken_id_seq; Type: SEQUENCE; Schema: public; Owner: postgres
--

ALTER TABLE public.token_blacklist_blacklistedtoken ALTER COLUMN id ADD GENERATED BY DEFAULT AS IDENTITY (
    SEQUENCE NAME public.token_blacklist_blacklistedtoken_id_seq
    START WITH 1
    INCREMENT BY 1
    NO MINVALUE
    NO MAXVALUE
    CACHE 1
);


--
-- Name: token_blacklist_outstandingtoken; Type: TABLE; Schema: public; Owner: postgres
--

CREATE TABLE public.token_blacklist_outstandingtoken (
    id bigint NOT NULL,
    token text NOT NULL,
    created_at timestamp with time zone,
    expires_at timestamp with time zone NOT NULL,
    user_id bigint,
    jti character varying(255) NOT NULL
);


ALTER TABLE public.token_blacklist_outstandingtoken OWNER TO postgres;

--
-- Name: token_blacklist_outstandingtoken_id_seq; Type: SEQUENCE; Schema: public; Owner: postgres
--

ALTER TABLE public.token_blacklist_outstandingtoken ALTER COLUMN id ADD GENERATED BY DEFAULT AS IDENTITY (
    SEQUENCE NAME public.token_blacklist_outstandingtoken_id_seq
    START WITH 1
    INCREMENT BY 1
    NO MINVALUE
    NO MAXVALUE
    CACHE 1
);


--
-- Data for Name: api_aqiref; Type: TABLE DATA; Schema: public; Owner: postgres
--

COPY public.api_aqiref (id, aqi, pm25, pm10, o3, no2, so2, co, t, p, h, w, "time", dew, wg) FROM stdin;
1	122	122	-1	5	1	3	0	20	1016	68	4	1739458800	14	-1
\.


--
-- Data for Name: api_controlsetpoint; Type: TABLE DATA; Schema: public; Owner: postgres
--

COPY public.api_controlsetpoint (id, node_id, function, powsetpointer, mode, temp, " start_time", end_time, status, "time", room_id) FROM stdin;
\.


--
-- Data for Name: api_employeepermission; Type: TABLE DATA; Schema: public; Owner: postgres
--

COPY public.api_employeepermission (id, user_id, node_id) FROM stdin;
\.


--
-- Data for Name: api_energydata; Type: TABLE DATA; Schema: public; Owner: postgres
--

COPY public.api_energydata (id, node_id, voltage, current, active_power, power_factor, frequency, active_energy, "time", room_id) FROM stdin;
\.


--
-- Data for Name: api_nodeconfigurationbuffer; Type: TABLE DATA; Schema: public; Owner: postgres
--

COPY public.api_nodeconfigurationbuffer (id, action, mac, room_id, "time") FROM stdin;
\.


--
-- Data for Name: api_rawactuatormonitor; Type: TABLE DATA; Schema: public; Owner: postgres
--

COPY public.api_rawactuatormonitor (id, node_id, function, current_value, state, mode, "time", room_id) FROM stdin;
\.


--
-- Data for Name: api_rawsensormonitor; Type: TABLE DATA; Schema: public; Owner: postgres
--

COPY public.api_rawsensormonitor (id, node_id, co2, temp, hum, light, dust, sound, red, green, blue, tvoc, motion, "time", room_id) FROM stdin;
\.


--
-- Data for Name: api_registrationnode; Type: TABLE DATA; Schema: public; Owner: postgres
--

COPY public.api_registrationnode (id, node_id, x_axis, y_axis, z_axis, function, mac, uuid, status, "time", room_id) FROM stdin;
\.


--
-- Data for Name: api_room; Type: TABLE DATA; Schema: public; Owner: postgres
--

COPY public.api_room (id, room_id, construction_name, x_length, y_length, information) FROM stdin;
1	1	Test 1	100	100	Test 1
2	2	Test 2	100	100	Test 2
\.


--
-- Data for Name: api_user; Type: TABLE DATA; Schema: public; Owner: postgres
--

COPY public.api_user (id, password, last_login, is_superuser, username, first_name, last_name, email, is_staff, is_active, date_joined, role) FROM stdin;
\.


--
-- Data for Name: api_user_groups; Type: TABLE DATA; Schema: public; Owner: postgres
--

COPY public.api_user_groups (id, user_id, group_id) FROM stdin;
\.


--
-- Data for Name: api_user_user_permissions; Type: TABLE DATA; Schema: public; Owner: postgres
--

COPY public.api_user_user_permissions (id, user_id, permission_id) FROM stdin;
\.


--
-- Data for Name: auth_group; Type: TABLE DATA; Schema: public; Owner: postgres
--

COPY public.auth_group (id, name) FROM stdin;
\.


--
-- Data for Name: auth_group_permissions; Type: TABLE DATA; Schema: public; Owner: postgres
--

COPY public.auth_group_permissions (id, group_id, permission_id) FROM stdin;
\.


--
-- Data for Name: auth_permission; Type: TABLE DATA; Schema: public; Owner: postgres
--

COPY public.auth_permission (id, name, content_type_id, codename) FROM stdin;
1	Can add log entry	1	add_logentry
2	Can change log entry	1	change_logentry
3	Can delete log entry	1	delete_logentry
4	Can view log entry	1	view_logentry
5	Can add permission	2	add_permission
6	Can change permission	2	change_permission
7	Can delete permission	2	delete_permission
8	Can view permission	2	view_permission
9	Can add group	3	add_group
10	Can change group	3	change_group
11	Can delete group	3	delete_group
12	Can view group	3	view_group
13	Can add content type	4	add_contenttype
14	Can change content type	4	change_contenttype
15	Can delete content type	4	delete_contenttype
16	Can view content type	4	view_contenttype
17	Can add session	5	add_session
18	Can change session	5	change_session
19	Can delete session	5	delete_session
20	Can view session	5	view_session
21	Can add aqi ref	6	add_aqiref
22	Can change aqi ref	6	change_aqiref
23	Can delete aqi ref	6	delete_aqiref
24	Can view aqi ref	6	view_aqiref
25	Can add employee permission	7	add_employeepermission
26	Can change employee permission	7	change_employeepermission
27	Can delete employee permission	7	delete_employeepermission
28	Can view employee permission	7	view_employeepermission
29	Can add node configuration buffer	8	add_nodeconfigurationbuffer
30	Can change node configuration buffer	8	change_nodeconfigurationbuffer
31	Can delete node configuration buffer	8	delete_nodeconfigurationbuffer
32	Can view node configuration buffer	8	view_nodeconfigurationbuffer
33	Can add room	9	add_room
34	Can change room	9	change_room
35	Can delete room	9	delete_room
36	Can view room	9	view_room
37	Can add user	10	add_user
38	Can change user	10	change_user
39	Can delete user	10	delete_user
40	Can view user	10	view_user
41	Can add registration node	11	add_registrationnode
42	Can change registration node	11	change_registrationnode
43	Can delete registration node	11	delete_registrationnode
44	Can view registration node	11	view_registrationnode
45	Can add raw sensor monitor	12	add_rawsensormonitor
46	Can change raw sensor monitor	12	change_rawsensormonitor
47	Can delete raw sensor monitor	12	delete_rawsensormonitor
48	Can view raw sensor monitor	12	view_rawsensormonitor
49	Can add raw actuator monitor	13	add_rawactuatormonitor
50	Can change raw actuator monitor	13	change_rawactuatormonitor
51	Can delete raw actuator monitor	13	delete_rawactuatormonitor
52	Can view raw actuator monitor	13	view_rawactuatormonitor
53	Can add energy data	14	add_energydata
54	Can change energy data	14	change_energydata
55	Can delete energy data	14	delete_energydata
56	Can view energy data	14	view_energydata
57	Can add control setpoint	15	add_controlsetpoint
58	Can change control setpoint	15	change_controlsetpoint
59	Can delete control setpoint	15	delete_controlsetpoint
60	Can view control setpoint	15	view_controlsetpoint
61	Can add blacklisted token	16	add_blacklistedtoken
62	Can change blacklisted token	16	change_blacklistedtoken
63	Can delete blacklisted token	16	delete_blacklistedtoken
64	Can view blacklisted token	16	view_blacklistedtoken
65	Can add outstanding token	17	add_outstandingtoken
66	Can change outstanding token	17	change_outstandingtoken
67	Can delete outstanding token	17	delete_outstandingtoken
68	Can view outstanding token	17	view_outstandingtoken
69	Can add Token	18	add_token
70	Can change Token	18	change_token
71	Can delete Token	18	delete_token
72	Can view Token	18	view_token
73	Can add Token	19	add_tokenproxy
74	Can change Token	19	change_tokenproxy
75	Can delete Token	19	delete_tokenproxy
76	Can view Token	19	view_tokenproxy
\.


--
-- Data for Name: authtoken_token; Type: TABLE DATA; Schema: public; Owner: postgres
--

COPY public.authtoken_token (key, created, user_id) FROM stdin;
\.


--
-- Data for Name: django_admin_log; Type: TABLE DATA; Schema: public; Owner: postgres
--

COPY public.django_admin_log (id, action_time, object_id, object_repr, action_flag, change_message, content_type_id, user_id) FROM stdin;
\.


--
-- Data for Name: django_content_type; Type: TABLE DATA; Schema: public; Owner: postgres
--

COPY public.django_content_type (id, app_label, model) FROM stdin;
1	admin	logentry
2	auth	permission
3	auth	group
4	contenttypes	contenttype
5	sessions	session
6	api	aqiref
7	api	employeepermission
8	api	nodeconfigurationbuffer
9	api	room
10	api	user
11	api	registrationnode
12	api	rawsensormonitor
13	api	rawactuatormonitor
14	api	energydata
15	api	controlsetpoint
16	token_blacklist	blacklistedtoken
17	token_blacklist	outstandingtoken
18	authtoken	token
19	authtoken	tokenproxy
\.


--
-- Data for Name: django_migrations; Type: TABLE DATA; Schema: public; Owner: postgres
--

COPY public.django_migrations (id, app, name, applied) FROM stdin;
1	contenttypes	0001_initial	2025-02-13 08:23:30.950031+00
2	contenttypes	0002_remove_content_type_name	2025-02-13 08:23:30.955939+00
3	auth	0001_initial	2025-02-13 08:23:30.977962+00
4	auth	0002_alter_permission_name_max_length	2025-02-13 08:23:30.982905+00
5	auth	0003_alter_user_email_max_length	2025-02-13 08:23:30.988258+00
6	auth	0004_alter_user_username_opts	2025-02-13 08:23:30.993699+00
7	auth	0005_alter_user_last_login_null	2025-02-13 08:23:30.999513+00
8	auth	0006_require_contenttypes_0002	2025-02-13 08:23:31.001253+00
9	auth	0007_alter_validators_add_error_messages	2025-02-13 08:23:31.006569+00
10	auth	0008_alter_user_username_max_length	2025-02-13 08:23:31.012024+00
11	auth	0009_alter_user_last_name_max_length	2025-02-13 08:23:31.01764+00
12	auth	0010_alter_group_name_max_length	2025-02-13 08:23:31.024849+00
13	auth	0011_update_proxy_permissions	2025-02-13 08:23:31.030346+00
14	auth	0012_alter_user_first_name_max_length	2025-02-13 08:23:31.036343+00
15	api	0001_initial	2025-02-13 08:23:31.12926+00
16	admin	0001_initial	2025-02-13 08:23:31.157878+00
17	admin	0002_logentry_remove_auto_add	2025-02-13 08:23:31.17031+00
18	admin	0003_logentry_add_action_flag_choices	2025-02-13 08:23:31.182319+00
19	api	0002_remove_energydata_function	2025-02-13 08:23:31.192916+00
20	api	0003_controlsetpoint	2025-02-13 08:23:31.211632+00
21	authtoken	0001_initial	2025-02-13 08:23:31.229683+00
22	authtoken	0002_auto_20160226_1747	2025-02-13 08:23:31.267461+00
23	authtoken	0003_tokenproxy	2025-02-13 08:23:31.270328+00
24	authtoken	0004_alter_tokenproxy_options	2025-02-13 08:23:31.27583+00
25	sessions	0001_initial	2025-02-13 08:23:31.284445+00
26	token_blacklist	0001_initial	2025-02-13 08:23:31.318443+00
27	token_blacklist	0002_outstandingtoken_jti_hex	2025-02-13 08:23:31.330114+00
28	token_blacklist	0003_auto_20171017_2007	2025-02-13 08:23:31.351138+00
29	token_blacklist	0004_auto_20171017_2013	2025-02-13 08:23:31.363251+00
30	token_blacklist	0005_remove_outstandingtoken_jti	2025-02-13 08:23:31.373272+00
31	token_blacklist	0006_auto_20171017_2113	2025-02-13 08:23:31.383831+00
32	token_blacklist	0007_auto_20171017_2214	2025-02-13 08:23:31.417429+00
33	token_blacklist	0008_migrate_to_bigautofield	2025-02-13 08:23:31.445729+00
34	token_blacklist	0010_fix_migrate_to_bigautofield	2025-02-13 08:23:31.46116+00
35	token_blacklist	0011_linearizes_history	2025-02-13 08:23:31.463165+00
36	token_blacklist	0012_alter_outstandingtoken_user	2025-02-13 08:23:31.472891+00
\.


--
-- Data for Name: django_session; Type: TABLE DATA; Schema: public; Owner: postgres
--

COPY public.django_session (session_key, session_data, expire_date) FROM stdin;
\.


--
-- Data for Name: token_blacklist_blacklistedtoken; Type: TABLE DATA; Schema: public; Owner: postgres
--

COPY public.token_blacklist_blacklistedtoken (id, blacklisted_at, token_id) FROM stdin;
\.


--
-- Data for Name: token_blacklist_outstandingtoken; Type: TABLE DATA; Schema: public; Owner: postgres
--

COPY public.token_blacklist_outstandingtoken (id, token, created_at, expires_at, user_id, jti) FROM stdin;
\.


--
-- Name: api_aqiref_id_seq; Type: SEQUENCE SET; Schema: public; Owner: postgres
--

SELECT pg_catalog.setval('public.api_aqiref_id_seq', 1, true);


--
-- Name: api_controlsetpoint_id_seq; Type: SEQUENCE SET; Schema: public; Owner: postgres
--

SELECT pg_catalog.setval('public.api_controlsetpoint_id_seq', 1, false);


--
-- Name: api_employeepermission_id_seq; Type: SEQUENCE SET; Schema: public; Owner: postgres
--

SELECT pg_catalog.setval('public.api_employeepermission_id_seq', 1, false);


--
-- Name: api_energydata_id_seq; Type: SEQUENCE SET; Schema: public; Owner: postgres
--

SELECT pg_catalog.setval('public.api_energydata_id_seq', 1, false);


--
-- Name: api_nodeconfigurationbuffer_id_seq; Type: SEQUENCE SET; Schema: public; Owner: postgres
--

SELECT pg_catalog.setval('public.api_nodeconfigurationbuffer_id_seq', 1, false);


--
-- Name: api_rawactuatormonitor_id_seq; Type: SEQUENCE SET; Schema: public; Owner: postgres
--

SELECT pg_catalog.setval('public.api_rawactuatormonitor_id_seq', 1, false);


--
-- Name: api_rawsensormonitor_id_seq; Type: SEQUENCE SET; Schema: public; Owner: postgres
--

SELECT pg_catalog.setval('public.api_rawsensormonitor_id_seq', 1, false);


--
-- Name: api_registrationnode_id_seq; Type: SEQUENCE SET; Schema: public; Owner: postgres
--

SELECT pg_catalog.setval('public.api_registrationnode_id_seq', 1, false);


--
-- Name: api_room_id_seq; Type: SEQUENCE SET; Schema: public; Owner: postgres
--

SELECT pg_catalog.setval('public.api_room_id_seq', 2, true);


--
-- Name: api_user_groups_id_seq; Type: SEQUENCE SET; Schema: public; Owner: postgres
--

SELECT pg_catalog.setval('public.api_user_groups_id_seq', 1, false);


--
-- Name: api_user_id_seq; Type: SEQUENCE SET; Schema: public; Owner: postgres
--

SELECT pg_catalog.setval('public.api_user_id_seq', 1, false);


--
-- Name: api_user_user_permissions_id_seq; Type: SEQUENCE SET; Schema: public; Owner: postgres
--

SELECT pg_catalog.setval('public.api_user_user_permissions_id_seq', 1, false);


--
-- Name: auth_group_id_seq; Type: SEQUENCE SET; Schema: public; Owner: postgres
--

SELECT pg_catalog.setval('public.auth_group_id_seq', 1, false);


--
-- Name: auth_group_permissions_id_seq; Type: SEQUENCE SET; Schema: public; Owner: postgres
--

SELECT pg_catalog.setval('public.auth_group_permissions_id_seq', 1, false);


--
-- Name: auth_permission_id_seq; Type: SEQUENCE SET; Schema: public; Owner: postgres
--

SELECT pg_catalog.setval('public.auth_permission_id_seq', 76, true);


--
-- Name: django_admin_log_id_seq; Type: SEQUENCE SET; Schema: public; Owner: postgres
--

SELECT pg_catalog.setval('public.django_admin_log_id_seq', 1, false);


--
-- Name: django_content_type_id_seq; Type: SEQUENCE SET; Schema: public; Owner: postgres
--

SELECT pg_catalog.setval('public.django_content_type_id_seq', 19, true);


--
-- Name: django_migrations_id_seq; Type: SEQUENCE SET; Schema: public; Owner: postgres
--

SELECT pg_catalog.setval('public.django_migrations_id_seq', 36, true);


--
-- Name: token_blacklist_blacklistedtoken_id_seq; Type: SEQUENCE SET; Schema: public; Owner: postgres
--

SELECT pg_catalog.setval('public.token_blacklist_blacklistedtoken_id_seq', 1, false);


--
-- Name: token_blacklist_outstandingtoken_id_seq; Type: SEQUENCE SET; Schema: public; Owner: postgres
--

SELECT pg_catalog.setval('public.token_blacklist_outstandingtoken_id_seq', 1, false);


--
-- Name: api_aqiref api_aqiref_pkey; Type: CONSTRAINT; Schema: public; Owner: postgres
--

ALTER TABLE ONLY public.api_aqiref
    ADD CONSTRAINT api_aqiref_pkey PRIMARY KEY (id);


--
-- Name: api_controlsetpoint api_controlsetpoint_pkey; Type: CONSTRAINT; Schema: public; Owner: postgres
--

ALTER TABLE ONLY public.api_controlsetpoint
    ADD CONSTRAINT api_controlsetpoint_pkey PRIMARY KEY (id);


--
-- Name: api_employeepermission api_employeepermission_pkey; Type: CONSTRAINT; Schema: public; Owner: postgres
--

ALTER TABLE ONLY public.api_employeepermission
    ADD CONSTRAINT api_employeepermission_pkey PRIMARY KEY (id);


--
-- Name: api_energydata api_energydata_pkey; Type: CONSTRAINT; Schema: public; Owner: postgres
--

ALTER TABLE ONLY public.api_energydata
    ADD CONSTRAINT api_energydata_pkey PRIMARY KEY (id);


--
-- Name: api_nodeconfigurationbuffer api_nodeconfigurationbuffer_mac_key; Type: CONSTRAINT; Schema: public; Owner: postgres
--

ALTER TABLE ONLY public.api_nodeconfigurationbuffer
    ADD CONSTRAINT api_nodeconfigurationbuffer_mac_key UNIQUE (mac);


--
-- Name: api_nodeconfigurationbuffer api_nodeconfigurationbuffer_pkey; Type: CONSTRAINT; Schema: public; Owner: postgres
--

ALTER TABLE ONLY public.api_nodeconfigurationbuffer
    ADD CONSTRAINT api_nodeconfigurationbuffer_pkey PRIMARY KEY (id);


--
-- Name: api_rawactuatormonitor api_rawactuatormonitor_pkey; Type: CONSTRAINT; Schema: public; Owner: postgres
--

ALTER TABLE ONLY public.api_rawactuatormonitor
    ADD CONSTRAINT api_rawactuatormonitor_pkey PRIMARY KEY (id);


--
-- Name: api_rawsensormonitor api_rawsensormonitor_pkey; Type: CONSTRAINT; Schema: public; Owner: postgres
--

ALTER TABLE ONLY public.api_rawsensormonitor
    ADD CONSTRAINT api_rawsensormonitor_pkey PRIMARY KEY (id);


--
-- Name: api_registrationnode api_registrationnode_mac_key; Type: CONSTRAINT; Schema: public; Owner: postgres
--

ALTER TABLE ONLY public.api_registrationnode
    ADD CONSTRAINT api_registrationnode_mac_key UNIQUE (mac);


--
-- Name: api_registrationnode api_registrationnode_node_id_key; Type: CONSTRAINT; Schema: public; Owner: postgres
--

ALTER TABLE ONLY public.api_registrationnode
    ADD CONSTRAINT api_registrationnode_node_id_key UNIQUE (node_id);


--
-- Name: api_registrationnode api_registrationnode_pkey; Type: CONSTRAINT; Schema: public; Owner: postgres
--

ALTER TABLE ONLY public.api_registrationnode
    ADD CONSTRAINT api_registrationnode_pkey PRIMARY KEY (id);


--
-- Name: api_room api_room_pkey; Type: CONSTRAINT; Schema: public; Owner: postgres
--

ALTER TABLE ONLY public.api_room
    ADD CONSTRAINT api_room_pkey PRIMARY KEY (id);


--
-- Name: api_room api_room_room_id_key; Type: CONSTRAINT; Schema: public; Owner: postgres
--

ALTER TABLE ONLY public.api_room
    ADD CONSTRAINT api_room_room_id_key UNIQUE (room_id);


--
-- Name: api_user_groups api_user_groups_pkey; Type: CONSTRAINT; Schema: public; Owner: postgres
--

ALTER TABLE ONLY public.api_user_groups
    ADD CONSTRAINT api_user_groups_pkey PRIMARY KEY (id);


--
-- Name: api_user_groups api_user_groups_user_id_group_id_9c7ddfb5_uniq; Type: CONSTRAINT; Schema: public; Owner: postgres
--

ALTER TABLE ONLY public.api_user_groups
    ADD CONSTRAINT api_user_groups_user_id_group_id_9c7ddfb5_uniq UNIQUE (user_id, group_id);


--
-- Name: api_user api_user_pkey; Type: CONSTRAINT; Schema: public; Owner: postgres
--

ALTER TABLE ONLY public.api_user
    ADD CONSTRAINT api_user_pkey PRIMARY KEY (id);


--
-- Name: api_user_user_permissions api_user_user_permissions_pkey; Type: CONSTRAINT; Schema: public; Owner: postgres
--

ALTER TABLE ONLY public.api_user_user_permissions
    ADD CONSTRAINT api_user_user_permissions_pkey PRIMARY KEY (id);


--
-- Name: api_user_user_permissions api_user_user_permissions_user_id_permission_id_a06dd704_uniq; Type: CONSTRAINT; Schema: public; Owner: postgres
--

ALTER TABLE ONLY public.api_user_user_permissions
    ADD CONSTRAINT api_user_user_permissions_user_id_permission_id_a06dd704_uniq UNIQUE (user_id, permission_id);


--
-- Name: api_user api_user_username_key; Type: CONSTRAINT; Schema: public; Owner: postgres
--

ALTER TABLE ONLY public.api_user
    ADD CONSTRAINT api_user_username_key UNIQUE (username);


--
-- Name: auth_group auth_group_name_key; Type: CONSTRAINT; Schema: public; Owner: postgres
--

ALTER TABLE ONLY public.auth_group
    ADD CONSTRAINT auth_group_name_key UNIQUE (name);


--
-- Name: auth_group_permissions auth_group_permissions_group_id_permission_id_0cd325b0_uniq; Type: CONSTRAINT; Schema: public; Owner: postgres
--

ALTER TABLE ONLY public.auth_group_permissions
    ADD CONSTRAINT auth_group_permissions_group_id_permission_id_0cd325b0_uniq UNIQUE (group_id, permission_id);


--
-- Name: auth_group_permissions auth_group_permissions_pkey; Type: CONSTRAINT; Schema: public; Owner: postgres
--

ALTER TABLE ONLY public.auth_group_permissions
    ADD CONSTRAINT auth_group_permissions_pkey PRIMARY KEY (id);


--
-- Name: auth_group auth_group_pkey; Type: CONSTRAINT; Schema: public; Owner: postgres
--

ALTER TABLE ONLY public.auth_group
    ADD CONSTRAINT auth_group_pkey PRIMARY KEY (id);


--
-- Name: auth_permission auth_permission_content_type_id_codename_01ab375a_uniq; Type: CONSTRAINT; Schema: public; Owner: postgres
--

ALTER TABLE ONLY public.auth_permission
    ADD CONSTRAINT auth_permission_content_type_id_codename_01ab375a_uniq UNIQUE (content_type_id, codename);


--
-- Name: auth_permission auth_permission_pkey; Type: CONSTRAINT; Schema: public; Owner: postgres
--

ALTER TABLE ONLY public.auth_permission
    ADD CONSTRAINT auth_permission_pkey PRIMARY KEY (id);


--
-- Name: authtoken_token authtoken_token_pkey; Type: CONSTRAINT; Schema: public; Owner: postgres
--

ALTER TABLE ONLY public.authtoken_token
    ADD CONSTRAINT authtoken_token_pkey PRIMARY KEY (key);


--
-- Name: authtoken_token authtoken_token_user_id_key; Type: CONSTRAINT; Schema: public; Owner: postgres
--

ALTER TABLE ONLY public.authtoken_token
    ADD CONSTRAINT authtoken_token_user_id_key UNIQUE (user_id);


--
-- Name: django_admin_log django_admin_log_pkey; Type: CONSTRAINT; Schema: public; Owner: postgres
--

ALTER TABLE ONLY public.django_admin_log
    ADD CONSTRAINT django_admin_log_pkey PRIMARY KEY (id);


--
-- Name: django_content_type django_content_type_app_label_model_76bd3d3b_uniq; Type: CONSTRAINT; Schema: public; Owner: postgres
--

ALTER TABLE ONLY public.django_content_type
    ADD CONSTRAINT django_content_type_app_label_model_76bd3d3b_uniq UNIQUE (app_label, model);


--
-- Name: django_content_type django_content_type_pkey; Type: CONSTRAINT; Schema: public; Owner: postgres
--

ALTER TABLE ONLY public.django_content_type
    ADD CONSTRAINT django_content_type_pkey PRIMARY KEY (id);


--
-- Name: django_migrations django_migrations_pkey; Type: CONSTRAINT; Schema: public; Owner: postgres
--

ALTER TABLE ONLY public.django_migrations
    ADD CONSTRAINT django_migrations_pkey PRIMARY KEY (id);


--
-- Name: django_session django_session_pkey; Type: CONSTRAINT; Schema: public; Owner: postgres
--

ALTER TABLE ONLY public.django_session
    ADD CONSTRAINT django_session_pkey PRIMARY KEY (session_key);


--
-- Name: token_blacklist_blacklistedtoken token_blacklist_blacklistedtoken_pkey; Type: CONSTRAINT; Schema: public; Owner: postgres
--

ALTER TABLE ONLY public.token_blacklist_blacklistedtoken
    ADD CONSTRAINT token_blacklist_blacklistedtoken_pkey PRIMARY KEY (id);


--
-- Name: token_blacklist_blacklistedtoken token_blacklist_blacklistedtoken_token_id_key; Type: CONSTRAINT; Schema: public; Owner: postgres
--

ALTER TABLE ONLY public.token_blacklist_blacklistedtoken
    ADD CONSTRAINT token_blacklist_blacklistedtoken_token_id_key UNIQUE (token_id);


--
-- Name: token_blacklist_outstandingtoken token_blacklist_outstandingtoken_jti_hex_d9bdf6f7_uniq; Type: CONSTRAINT; Schema: public; Owner: postgres
--

ALTER TABLE ONLY public.token_blacklist_outstandingtoken
    ADD CONSTRAINT token_blacklist_outstandingtoken_jti_hex_d9bdf6f7_uniq UNIQUE (jti);


--
-- Name: token_blacklist_outstandingtoken token_blacklist_outstandingtoken_pkey; Type: CONSTRAINT; Schema: public; Owner: postgres
--

ALTER TABLE ONLY public.token_blacklist_outstandingtoken
    ADD CONSTRAINT token_blacklist_outstandingtoken_pkey PRIMARY KEY (id);


--
-- Name: api_controlsetpoint_room_id_968814ba; Type: INDEX; Schema: public; Owner: postgres
--

CREATE INDEX api_controlsetpoint_room_id_968814ba ON public.api_controlsetpoint USING btree (room_id);


--
-- Name: api_energydata_room_id_405db6aa; Type: INDEX; Schema: public; Owner: postgres
--

CREATE INDEX api_energydata_room_id_405db6aa ON public.api_energydata USING btree (room_id);


--
-- Name: api_nodeconfigurationbuffer_mac_0dceb314_like; Type: INDEX; Schema: public; Owner: postgres
--

CREATE INDEX api_nodeconfigurationbuffer_mac_0dceb314_like ON public.api_nodeconfigurationbuffer USING btree (mac text_pattern_ops);


--
-- Name: api_rawactuatormonitor_room_id_a1cbad70; Type: INDEX; Schema: public; Owner: postgres
--

CREATE INDEX api_rawactuatormonitor_room_id_a1cbad70 ON public.api_rawactuatormonitor USING btree (room_id);


--
-- Name: api_rawsensormonitor_room_id_ee335624; Type: INDEX; Schema: public; Owner: postgres
--

CREATE INDEX api_rawsensormonitor_room_id_ee335624 ON public.api_rawsensormonitor USING btree (room_id);


--
-- Name: api_registrationnode_mac_9460114d_like; Type: INDEX; Schema: public; Owner: postgres
--

CREATE INDEX api_registrationnode_mac_9460114d_like ON public.api_registrationnode USING btree (mac text_pattern_ops);


--
-- Name: api_registrationnode_room_id_709ef0a1; Type: INDEX; Schema: public; Owner: postgres
--

CREATE INDEX api_registrationnode_room_id_709ef0a1 ON public.api_registrationnode USING btree (room_id);


--
-- Name: api_user_groups_group_id_3af85785; Type: INDEX; Schema: public; Owner: postgres
--

CREATE INDEX api_user_groups_group_id_3af85785 ON public.api_user_groups USING btree (group_id);


--
-- Name: api_user_groups_user_id_a5ff39fa; Type: INDEX; Schema: public; Owner: postgres
--

CREATE INDEX api_user_groups_user_id_a5ff39fa ON public.api_user_groups USING btree (user_id);


--
-- Name: api_user_user_permissions_permission_id_305b7fea; Type: INDEX; Schema: public; Owner: postgres
--

CREATE INDEX api_user_user_permissions_permission_id_305b7fea ON public.api_user_user_permissions USING btree (permission_id);


--
-- Name: api_user_user_permissions_user_id_f3945d65; Type: INDEX; Schema: public; Owner: postgres
--

CREATE INDEX api_user_user_permissions_user_id_f3945d65 ON public.api_user_user_permissions USING btree (user_id);


--
-- Name: api_user_username_cf4e88d2_like; Type: INDEX; Schema: public; Owner: postgres
--

CREATE INDEX api_user_username_cf4e88d2_like ON public.api_user USING btree (username varchar_pattern_ops);


--
-- Name: auth_group_name_a6ea08ec_like; Type: INDEX; Schema: public; Owner: postgres
--

CREATE INDEX auth_group_name_a6ea08ec_like ON public.auth_group USING btree (name varchar_pattern_ops);


--
-- Name: auth_group_permissions_group_id_b120cbf9; Type: INDEX; Schema: public; Owner: postgres
--

CREATE INDEX auth_group_permissions_group_id_b120cbf9 ON public.auth_group_permissions USING btree (group_id);


--
-- Name: auth_group_permissions_permission_id_84c5c92e; Type: INDEX; Schema: public; Owner: postgres
--

CREATE INDEX auth_group_permissions_permission_id_84c5c92e ON public.auth_group_permissions USING btree (permission_id);


--
-- Name: auth_permission_content_type_id_2f476e4b; Type: INDEX; Schema: public; Owner: postgres
--

CREATE INDEX auth_permission_content_type_id_2f476e4b ON public.auth_permission USING btree (content_type_id);


--
-- Name: authtoken_token_key_10f0b77e_like; Type: INDEX; Schema: public; Owner: postgres
--

CREATE INDEX authtoken_token_key_10f0b77e_like ON public.authtoken_token USING btree (key varchar_pattern_ops);


--
-- Name: django_admin_log_content_type_id_c4bce8eb; Type: INDEX; Schema: public; Owner: postgres
--

CREATE INDEX django_admin_log_content_type_id_c4bce8eb ON public.django_admin_log USING btree (content_type_id);


--
-- Name: django_admin_log_user_id_c564eba6; Type: INDEX; Schema: public; Owner: postgres
--

CREATE INDEX django_admin_log_user_id_c564eba6 ON public.django_admin_log USING btree (user_id);


--
-- Name: django_session_expire_date_a5c62663; Type: INDEX; Schema: public; Owner: postgres
--

CREATE INDEX django_session_expire_date_a5c62663 ON public.django_session USING btree (expire_date);


--
-- Name: django_session_session_key_c0390e0f_like; Type: INDEX; Schema: public; Owner: postgres
--

CREATE INDEX django_session_session_key_c0390e0f_like ON public.django_session USING btree (session_key varchar_pattern_ops);


--
-- Name: token_blacklist_outstandingtoken_jti_hex_d9bdf6f7_like; Type: INDEX; Schema: public; Owner: postgres
--

CREATE INDEX token_blacklist_outstandingtoken_jti_hex_d9bdf6f7_like ON public.token_blacklist_outstandingtoken USING btree (jti varchar_pattern_ops);


--
-- Name: token_blacklist_outstandingtoken_user_id_83bc629a; Type: INDEX; Schema: public; Owner: postgres
--

CREATE INDEX token_blacklist_outstandingtoken_user_id_83bc629a ON public.token_blacklist_outstandingtoken USING btree (user_id);


--
-- Name: api_controlsetpoint api_controlsetpoint_room_id_968814ba_fk_api_room_room_id; Type: FK CONSTRAINT; Schema: public; Owner: postgres
--

ALTER TABLE ONLY public.api_controlsetpoint
    ADD CONSTRAINT api_controlsetpoint_room_id_968814ba_fk_api_room_room_id FOREIGN KEY (room_id) REFERENCES public.api_room(room_id) DEFERRABLE INITIALLY DEFERRED;


--
-- Name: api_energydata api_energydata_room_id_405db6aa_fk_api_room_room_id; Type: FK CONSTRAINT; Schema: public; Owner: postgres
--

ALTER TABLE ONLY public.api_energydata
    ADD CONSTRAINT api_energydata_room_id_405db6aa_fk_api_room_room_id FOREIGN KEY (room_id) REFERENCES public.api_room(room_id) DEFERRABLE INITIALLY DEFERRED;


--
-- Name: api_rawactuatormonitor api_rawactuatormonitor_room_id_a1cbad70_fk_api_room_room_id; Type: FK CONSTRAINT; Schema: public; Owner: postgres
--

ALTER TABLE ONLY public.api_rawactuatormonitor
    ADD CONSTRAINT api_rawactuatormonitor_room_id_a1cbad70_fk_api_room_room_id FOREIGN KEY (room_id) REFERENCES public.api_room(room_id) DEFERRABLE INITIALLY DEFERRED;


--
-- Name: api_rawsensormonitor api_rawsensormonitor_room_id_ee335624_fk_api_room_room_id; Type: FK CONSTRAINT; Schema: public; Owner: postgres
--

ALTER TABLE ONLY public.api_rawsensormonitor
    ADD CONSTRAINT api_rawsensormonitor_room_id_ee335624_fk_api_room_room_id FOREIGN KEY (room_id) REFERENCES public.api_room(room_id) DEFERRABLE INITIALLY DEFERRED;


--
-- Name: api_registrationnode api_registrationnode_room_id_709ef0a1_fk_api_room_room_id; Type: FK CONSTRAINT; Schema: public; Owner: postgres
--

ALTER TABLE ONLY public.api_registrationnode
    ADD CONSTRAINT api_registrationnode_room_id_709ef0a1_fk_api_room_room_id FOREIGN KEY (room_id) REFERENCES public.api_room(room_id) DEFERRABLE INITIALLY DEFERRED;


--
-- Name: api_user_groups api_user_groups_group_id_3af85785_fk_auth_group_id; Type: FK CONSTRAINT; Schema: public; Owner: postgres
--

ALTER TABLE ONLY public.api_user_groups
    ADD CONSTRAINT api_user_groups_group_id_3af85785_fk_auth_group_id FOREIGN KEY (group_id) REFERENCES public.auth_group(id) DEFERRABLE INITIALLY DEFERRED;


--
-- Name: api_user_groups api_user_groups_user_id_a5ff39fa_fk_api_user_id; Type: FK CONSTRAINT; Schema: public; Owner: postgres
--

ALTER TABLE ONLY public.api_user_groups
    ADD CONSTRAINT api_user_groups_user_id_a5ff39fa_fk_api_user_id FOREIGN KEY (user_id) REFERENCES public.api_user(id) DEFERRABLE INITIALLY DEFERRED;


--
-- Name: api_user_user_permissions api_user_user_permis_permission_id_305b7fea_fk_auth_perm; Type: FK CONSTRAINT; Schema: public; Owner: postgres
--

ALTER TABLE ONLY public.api_user_user_permissions
    ADD CONSTRAINT api_user_user_permis_permission_id_305b7fea_fk_auth_perm FOREIGN KEY (permission_id) REFERENCES public.auth_permission(id) DEFERRABLE INITIALLY DEFERRED;


--
-- Name: api_user_user_permissions api_user_user_permissions_user_id_f3945d65_fk_api_user_id; Type: FK CONSTRAINT; Schema: public; Owner: postgres
--

ALTER TABLE ONLY public.api_user_user_permissions
    ADD CONSTRAINT api_user_user_permissions_user_id_f3945d65_fk_api_user_id FOREIGN KEY (user_id) REFERENCES public.api_user(id) DEFERRABLE INITIALLY DEFERRED;


--
-- Name: auth_group_permissions auth_group_permissio_permission_id_84c5c92e_fk_auth_perm; Type: FK CONSTRAINT; Schema: public; Owner: postgres
--

ALTER TABLE ONLY public.auth_group_permissions
    ADD CONSTRAINT auth_group_permissio_permission_id_84c5c92e_fk_auth_perm FOREIGN KEY (permission_id) REFERENCES public.auth_permission(id) DEFERRABLE INITIALLY DEFERRED;


--
-- Name: auth_group_permissions auth_group_permissions_group_id_b120cbf9_fk_auth_group_id; Type: FK CONSTRAINT; Schema: public; Owner: postgres
--

ALTER TABLE ONLY public.auth_group_permissions
    ADD CONSTRAINT auth_group_permissions_group_id_b120cbf9_fk_auth_group_id FOREIGN KEY (group_id) REFERENCES public.auth_group(id) DEFERRABLE INITIALLY DEFERRED;


--
-- Name: auth_permission auth_permission_content_type_id_2f476e4b_fk_django_co; Type: FK CONSTRAINT; Schema: public; Owner: postgres
--

ALTER TABLE ONLY public.auth_permission
    ADD CONSTRAINT auth_permission_content_type_id_2f476e4b_fk_django_co FOREIGN KEY (content_type_id) REFERENCES public.django_content_type(id) DEFERRABLE INITIALLY DEFERRED;


--
-- Name: authtoken_token authtoken_token_user_id_35299eff_fk_api_user_id; Type: FK CONSTRAINT; Schema: public; Owner: postgres
--

ALTER TABLE ONLY public.authtoken_token
    ADD CONSTRAINT authtoken_token_user_id_35299eff_fk_api_user_id FOREIGN KEY (user_id) REFERENCES public.api_user(id) DEFERRABLE INITIALLY DEFERRED;


--
-- Name: django_admin_log django_admin_log_content_type_id_c4bce8eb_fk_django_co; Type: FK CONSTRAINT; Schema: public; Owner: postgres
--

ALTER TABLE ONLY public.django_admin_log
    ADD CONSTRAINT django_admin_log_content_type_id_c4bce8eb_fk_django_co FOREIGN KEY (content_type_id) REFERENCES public.django_content_type(id) DEFERRABLE INITIALLY DEFERRED;


--
-- Name: django_admin_log django_admin_log_user_id_c564eba6_fk_api_user_id; Type: FK CONSTRAINT; Schema: public; Owner: postgres
--

ALTER TABLE ONLY public.django_admin_log
    ADD CONSTRAINT django_admin_log_user_id_c564eba6_fk_api_user_id FOREIGN KEY (user_id) REFERENCES public.api_user(id) DEFERRABLE INITIALLY DEFERRED;


--
-- Name: token_blacklist_blacklistedtoken token_blacklist_blacklistedtoken_token_id_3cc7fe56_fk; Type: FK CONSTRAINT; Schema: public; Owner: postgres
--

ALTER TABLE ONLY public.token_blacklist_blacklistedtoken
    ADD CONSTRAINT token_blacklist_blacklistedtoken_token_id_3cc7fe56_fk FOREIGN KEY (token_id) REFERENCES public.token_blacklist_outstandingtoken(id) DEFERRABLE INITIALLY DEFERRED;


--
-- Name: token_blacklist_outstandingtoken token_blacklist_outs_user_id_83bc629a_fk_api_user_; Type: FK CONSTRAINT; Schema: public; Owner: postgres
--

ALTER TABLE ONLY public.token_blacklist_outstandingtoken
    ADD CONSTRAINT token_blacklist_outs_user_id_83bc629a_fk_api_user_ FOREIGN KEY (user_id) REFERENCES public.api_user(id) DEFERRABLE INITIALLY DEFERRED;


--
-- PostgreSQL database dump complete
--

